"status";"source_url";"local_path";"file_name";"bytes";"error"
"failed";"https://mediumaquamarine-wombat-472759.hostingersite.com/wp-content/uploads/2026/10/1_la-plage-18-1-A3QwZQDMlZCoyJw2.jpg\";"";"";"0";"Le serveur distant a retourné une erreur : (404) Introuvable."
"failed";"https://mediumaquamarine-wombat-472759.hostingersite.com/wp-content/uploads/2026/10/1_la-plage-20-1-Yyv3qvOjkvTOp2BZ.jpg\";"";"";"0";"Le serveur distant a retourné une erreur : (404) Introuvable."
"failed";"https://mediumaquamarine-wombat-472759.hostingersite.com/wp-content/uploads/2026/10/1-1-mk32Kqy765SExv0j.png\";"";"";"0";"Le serveur distant a retourné une erreur : (404) Introuvable."
"failed";"https://mediumaquamarine-wombat-472759.hostingersite.com/wp-content/uploads/2026/10/128684483-NxHIyWXWBIe5n51l.webp\";"";"";"0";"Le serveur distant a retourné une erreur : (404) Introuvable."
"failed";"https://mediumaquamarine-wombat-472759.hostingersite.com/wp-content/uploads/2026/10/2024-10-02-YKb6R4vBQNcWlQ3j.jpg\";"";"";"0";"Le serveur distant a retourné une erreur : (404) Introuvable."
"failed";"https://mediumaquamarine-wombat-472759.hostingersite.com/wp-content/uploads/2026/10/276a3906-Yyv9O6Mwp7hZBXZj.jpg\";"";"";"0";"Le serveur distant a retourné une erreur : (404) Introuvable."
"failed";"https://mediumaquamarine-wombat-472759.hostingersite.com/wp-content/uploads/2026/10/29704620-TdatlsR0q1cprdK0.webp\";"";"";"0";"Le serveur distant a retourné une erreur : (404) Introuvable."
"failed";"https://mediumaquamarine-wombat-472759.hostingersite.com/wp-content/uploads/2026/10/29704666-dok2orsbYrGmAOG9.webp\";"";"";"0";"Le serveur distant a retourné une erreur : (404) Introuvable."
"failed";"https://mediumaquamarine-wombat-472759.hostingersite.com/wp-content/uploads/2026/10/305937011_5981832185163342_8253665645456055469_n-1-ALp0yvlVNKiVGyOX.jpg\";"";"";"0";"Le serveur distant a retourné une erreur : (404) Introuvable."
"failed";"https://mediumaquamarine-wombat-472759.hostingersite.com/wp-content/uploads/2026/10/307700515_5998485583498002_2526649091119640900_n-d95WQlveoxIkXgep.jpg\";"";"";"0";"Le serveur distant a retourné une erreur : (404) Introuvable."
"failed";"https://mediumaquamarine-wombat-472759.hostingersite.com/wp-content/uploads/2026/10/310124132_5782407061826670_8113271449827153891_n-YleDxx07BzcBKoNQ.jpg\";"";"";"0";"Le serveur distant a retourné une erreur : (404) Introuvable."
"failed";"https://mediumaquamarine-wombat-472759.hostingersite.com/wp-content/uploads/2026/10/311484988_5798012086932834_8250414985278089548_n-mp8eE3xl4eSobK3j.jpg\";"";"";"0";"Le serveur distant a retourné une erreur : (404) Introuvable."
"failed";"https://mediumaquamarine-wombat-472759.hostingersite.com/wp-content/uploads/2026/10/311492764_5803219699745406_4110237547705490072_n-YNq9kOxWEoCX4VO4.jpg\";"";"";"0";"Le serveur distant a retourné une erreur : (404) Introuvable."
"failed";"https://mediumaquamarine-wombat-472759.hostingersite.com/wp-content/uploads/2026/10/311568570_5782406928493350_8167237346225207812_n-YbNO2nKkMaIvgqeq.jpg\";"";"";"0";"Le serveur distant a retourné une erreur : (404) Introuvable."
"failed";"https://mediumaquamarine-wombat-472759.hostingersite.com/wp-content/uploads/2026/10/311689538_5798012100266166_5995833196573220703_n-ALp0kkp6pztQ7elj.jpg\";"";"";"0";"Le serveur distant a retourné une erreur : (404) Introuvable."
"failed";"https://mediumaquamarine-wombat-472759.hostingersite.com/wp-content/uploads/2026/10/311781825_5803219709745405_2569825658219367768_n-AoPn5ZOxEWiKgPQd.jpg\";"";"";"0";"Le serveur distant a retourné une erreur : (404) Introuvable."
"failed";"https://mediumaquamarine-wombat-472759.hostingersite.com/wp-content/uploads/2026/10/323092223_1343195443114441_4586284447292872717_n-YbNO2nKk6oI7wWKa.jpg\";"";"";"0";"Le serveur distant a retourné une erreur : (404) Introuvable."
"failed";"https://mediumaquamarine-wombat-472759.hostingersite.com/wp-content/uploads/2026/10/324840700_1753621835019613_1867557360440170701_n-AzGEwj6BVGiWwJk5.jpg\";"";"";"0";"Le serveur distant a retourné une erreur : (404) Introuvable."
"failed";"https://mediumaquamarine-wombat-472759.hostingersite.com/wp-content/uploads/2026/10/436430193_865997935559621_4548936078541871468_n-YyvZPWkLDziVV4zp.jpg\";"";"";"0";"Le serveur distant a retourné une erreur : (404) Introuvable."
"failed";"https://mediumaquamarine-wombat-472759.hostingersite.com/wp-content/uploads/2026/10/461444740_938700081634171_6417081263253438580_n-YD06V165weUxyVZG.jpg\";"";"";"0";"Le serveur distant a retourné une erreur : (404) Introuvable."
"failed";"https://mediumaquamarine-wombat-472759.hostingersite.com/wp-content/uploads/2026/10/461945425_942913834546129_5069721828967146992_n-AE0oO0K3arTr9qb2.jpg\";"";"";"0";"Le serveur distant a retourné une erreur : (404) Introuvable."
"failed";"https://mediumaquamarine-wombat-472759.hostingersite.com/wp-content/uploads/2026/10/463445275_951296867041159_3847139676697945471_n-YBgr02Bo0MFRD317.jpg\";"";"";"0";"Le serveur distant a retourné une erreur : (404) Introuvable."
"failed";"https://mediumaquamarine-wombat-472759.hostingersite.com/wp-content/uploads/2026/10/464199063_532988036152290_7270856415669337684_n-YD06B8ObXwC9K8Ly.jpg\";"";"";"0";"Le serveur distant a retourné une erreur : (404) Introuvable."
"failed";"https://mediumaquamarine-wombat-472759.hostingersite.com/wp-content/uploads/2026/10/464285272_957916229712556_2389429232327773617_n-mePvzzEa36Te9D8Q.jpg\";"";"";"0";"Le serveur distant a retourné une erreur : (404) Introuvable."
"failed";"https://mediumaquamarine-wombat-472759.hostingersite.com/wp-content/uploads/2026/10/467910216_122190906278188552_556376041626335739_n-AGBn37oj85CQ5e3O.jpg\";"";"";"0";"Le serveur distant a retourné une erreur : (404) Introuvable."
"failed";"https://mediumaquamarine-wombat-472759.hostingersite.com/wp-content/uploads/2026/10/471581083_1003357481835097_4362743281237551943_n-YBge5yJbDLi5Vrbe.jpg\";"";"";"0";"Le serveur distant a retourné une erreur : (404) Introuvable."
"failed";"https://mediumaquamarine-wombat-472759.hostingersite.com/wp-content/uploads/2026/10/472615329_563896026483851_3604915692189205418_n-AVL1zvG948fNLG1V.jpg\";"";"";"0";"Le serveur distant a retourné une erreur : (404) Introuvable."
"failed";"https://mediumaquamarine-wombat-472759.hostingersite.com/wp-content/uploads/2026/10/472791169_563894489817338_4029004093271618467_n-Yg2qagXKoZHOwMOy.jpg\";"";"";"0";"Le serveur distant a retourné une erreur : (404) Introuvable."
"failed";"https://mediumaquamarine-wombat-472759.hostingersite.com/wp-content/uploads/2026/10/472896110_565969186276535_4462808178526295096_n-ALp7ODLgZMclMR5M.jpg\";"";"";"0";"Le serveur distant a retourné une erreur : (404) Introuvable."
"failed";"https://mediumaquamarine-wombat-472759.hostingersite.com/wp-content/uploads/2026/10/475785363_1028246869346158_7020208528824903789_n-YBge6E634VCgKZye.jpg\";"";"";"0";"Le serveur distant a retourné une erreur : (404) Introuvable."
"failed";"https://mediumaquamarine-wombat-472759.hostingersite.com/wp-content/uploads/2026/10/83915593_1051615948510434_7578249685308014592_n-AoPq6Ly4JJhZgzM6.jpg\";"";"";"0";"Le serveur distant a retourné une erreur : (404) Introuvable."
"failed";"https://mediumaquamarine-wombat-472759.hostingersite.com/wp-content/uploads/2026/10/ambatomilo-one-AQEylrvzV0HbenXv.jpg\";"";"";"0";"Le serveur distant a retourné une erreur : (404) Introuvable."
"failed";"https://mediumaquamarine-wombat-472759.hostingersite.com/wp-content/uploads/2026/10/attivita_272-mk32OOMZoVirz2pN.jpg\";"";"";"0";"Le serveur distant a retourné une erreur : (404) Introuvable."
"failed";"https://mediumaquamarine-wombat-472759.hostingersite.com/wp-content/uploads/2026/10/cms_thumb-YbNO2nK0zViwJvvR.jpg\";"";"";"0";"Le serveur distant a retourné une erreur : (404) Introuvable."
"failed";"https://mediumaquamarine-wombat-472759.hostingersite.com/wp-content/uploads/2026/10/constance-tsarabanjina-beach-05-Y4LxrE7D1QH7KErP.webp\";"";"";"0";"Le serveur distant a retourné une erreur : (404) Introuvable."
"failed";"https://mediumaquamarine-wombat-472759.hostingersite.com/wp-content/uploads/2026/10/flavien-fischer-tour-operateur-guide-6-zapbaiVHLL8oMXOg.jpg\";"";"";"0";"Le serveur distant a retourné une erreur : (404) Introuvable."
"failed";"https://mediumaquamarine-wombat-472759.hostingersite.com/wp-content/uploads/2026/10/generated-video-479c2e2d-1880-4c83-bc95-a76eaaeeab6d-YD0E5Rb3wZHQnJ46.gif\";"";"";"0";"Le serveur distant a retourné une erreur : (404) Introuvable."
"failed";"https://mediumaquamarine-wombat-472759.hostingersite.com/wp-content/uploads/2026/10/icones-A1aoX1bnPgI9OWlV.png\";"";"";"0";"Le serveur distant a retourné une erreur : (404) Introuvable."
"failed";"https://mediumaquamarine-wombat-472759.hostingersite.com/wp-content/uploads/2026/10/img_6704-2-AE07MRW2r1T96gMg-scaled.jpg\";"";"";"0";"Le serveur distant a retourné une erreur : (404) Introuvable."
"failed";"https://mediumaquamarine-wombat-472759.hostingersite.com/wp-content/uploads/2026/10/la-plage-15-1-AR0yn0vkvOIXD1NN.jpg\";"";"";"0";"Le serveur distant a retourné une erreur : (404) Introuvable."
"failed";"https://mediumaquamarine-wombat-472759.hostingersite.com/wp-content/uploads/2026/10/stemarie_800-e1585123202224-m6LjNprX0LcGp2W4.jpg\";"";"";"0";"Le serveur distant a retourné une erreur : (404) Introuvable."
"failed";"https://mediumaquamarine-wombat-472759.hostingersite.com/wp-content/uploads/2026/10/videoframe_3583-dJoP0RD7x7cMB7be.png\";"";"";"0";"Le serveur distant a retourné une erreur : (404) Introuvable."
"failed";"https://mediumaquamarine-wombat-472759.hostingersite.com/wp-content/uploads/2026/10/whatsapp-image-2024-10-01-at-22.51.08-1-mv0D9LGpWXfLnVGK.jpeg\";"";"";"0";"Le serveur distant a retourné une erreur : (404) Introuvable."
"failed";"https://mediumaquamarine-wombat-472759.hostingersite.com/wp-content/uploads/2026/10/whatsapp-image-2024-10-24-at-06.45.13-dOqy8l0EnacBGwyq.jpeg\";"";"";"0";"Le serveur distant a retourné une erreur : (404) Introuvable."
"failed";"https://mediumaquamarine-wombat-472759.hostingersite.com/wp-content/uploads/2026/10/whatsapp-image-2025-01-09-at-18.02.52-mjEqQ0k64Jhq1nQj.jpeg\";"";"";"0";"Le serveur distant a retourné une erreur : (404) Introuvable."
"failed";"https://mediumaquamarine-wombat-472759.hostingersite.com/wp-content/uploads/2026/10/whatsapp-image-2025-01-09-at-18.03.00-AVL1zG02B5Uk66NE.jpeg\";"";"";"0";"Le serveur distant a retourné une erreur : (404) Introuvable."
"failed";"https://mediumaquamarine-wombat-472759.hostingersite.com/wp-content/uploads/2026/10/whatsapp-image-2025-12-06-at-08.44.06-mXiVO8cjAY3lrOye.jpeg\";"";"";"0";"Le serveur distant a retourné une erreur : (404) Introuvable."
"failed";"https://mediumaquamarine-wombat-472759.hostingersite.com/wp-content/uploads/2026/10/whatsapp-image-2025-12-06-at-08.44.08-2-FsMgxFejJYBMd4Rv.jpeg\";"";"";"0";"Le serveur distant a retourné une erreur : (404) Introuvable."
