"wp_id";"title";"slug";"official_page";"images_downloaded";"local_images";"status"
"279";"🌴 Les Joyaux de Nosy Komba pour votre Lune de Miel 💕 (EN)";"les-joyaux-de-nosy-komba-pour-votre-lune-de-miel";"https://www.mariage-madagascar.com/-les-joyaux-de-nosy-komba-pour-votre-lune-de-miel-";"15";"/assets/img/blog/les-joyaux-de-nosy-komba-pour-votre-lune-de-miel/01.jpg | /assets/img/blog/les-joyaux-de-nosy-komba-pour-votre-lune-de-miel/02.jpg | /assets/img/blog/les-joyaux-de-nosy-komba-pour-votre-lune-de-miel/03.jpg | /assets/img/blog/les-joyaux-de-nosy-komba-pour-votre-lune-de-miel/04.jpg | /assets/img/blog/les-joyaux-de-nosy-komba-pour-votre-lune-de-miel/05.jpg | /assets/img/blog/les-joyaux-de-nosy-komba-pour-votre-lune-de-miel/06.png | /assets/img/blog/les-joyaux-de-nosy-komba-pour-votre-lune-de-miel/07.png | /assets/img/blog/les-joyaux-de-nosy-komba-pour-votre-lune-de-miel/08.jpg | /assets/img/blog/les-joyaux-de-nosy-komba-pour-votre-lune-de-miel/09.jpg | /assets/img/blog/les-joyaux-de-nosy-komba-pour-votre-lune-de-miel/10.jpg | /assets/img/blog/les-joyaux-de-nosy-komba-pour-votre-lune-de-miel/11.jpg | /assets/img/blog/les-joyaux-de-nosy-komba-pour-votre-lune-de-miel/12.png | /assets/img/blog/les-joyaux-de-nosy-komba-pour-votre-lune-de-miel/13.png | /assets/img/blog/les-joyaux-de-nosy-komba-pour-votre-lune-de-miel/14.png | /assets/img/blog/les-joyaux-de-nosy-komba-pour-votre-lune-de-miel/15.png";"downloaded"
"280";"🌊 𝗙𝗢𝗖𝗨𝗦 𝗙𝗘𝗦𝗧𝗜𝗩𝗔𝗟 – Une Expérience Unique à Madagascar ✨ Copy (EN)";"focus-festival-une-experience-unique-a-madagascar";"";"0";"";"official_page_not_found"
"281";"Snorkeling à Nosy Sakatia 🐋🐬🐢🌊 (EN)";"snorkeling-a-nosy-sakatia";"https://www.mariage-madagascar.com/snorkeling-a-nosy-sakatia-";"14";"/assets/img/blog/snorkeling-a-nosy-sakatia/01.jpg | /assets/img/blog/snorkeling-a-nosy-sakatia/02.jpg | /assets/img/blog/snorkeling-a-nosy-sakatia/03.jpg | /assets/img/blog/snorkeling-a-nosy-sakatia/04.jpg | /assets/img/blog/snorkeling-a-nosy-sakatia/05.png | /assets/img/blog/snorkeling-a-nosy-sakatia/06.png | /assets/img/blog/snorkeling-a-nosy-sakatia/07.jpg | /assets/img/blog/snorkeling-a-nosy-sakatia/08.jpg | /assets/img/blog/snorkeling-a-nosy-sakatia/09.jpg | /assets/img/blog/snorkeling-a-nosy-sakatia/10.jpg | /assets/img/blog/snorkeling-a-nosy-sakatia/11.png | /assets/img/blog/snorkeling-a-nosy-sakatia/12.png | /assets/img/blog/snorkeling-a-nosy-sakatia/13.png | /assets/img/blog/snorkeling-a-nosy-sakatia/14.png";"downloaded"
"282";"Visite de la Réserve Naturelle de Lokobe 🐒🦎🌿 (EN)";"visite-de-la-reserve-naturelle-de-lokobe";"https://www.mariage-madagascar.com/visite-de-la-reserve-naturelle-de-lokobe-";"14";"/assets/img/blog/visite-de-la-reserve-naturelle-de-lokobe/01.jpg | /assets/img/blog/visite-de-la-reserve-naturelle-de-lokobe/02.jpg | /assets/img/blog/visite-de-la-reserve-naturelle-de-lokobe/03.jpg | /assets/img/blog/visite-de-la-reserve-naturelle-de-lokobe/04.jpg | /assets/img/blog/visite-de-la-reserve-naturelle-de-lokobe/05.png | /assets/img/blog/visite-de-la-reserve-naturelle-de-lokobe/06.png | /assets/img/blog/visite-de-la-reserve-naturelle-de-lokobe/07.jpg | /assets/img/blog/visite-de-la-reserve-naturelle-de-lokobe/08.jpg | /assets/img/blog/visite-de-la-reserve-naturelle-de-lokobe/09.jpg | /assets/img/blog/visite-de-la-reserve-naturelle-de-lokobe/10.jpg | /assets/img/blog/visite-de-la-reserve-naturelle-de-lokobe/11.png | /assets/img/blog/visite-de-la-reserve-naturelle-de-lokobe/12.png | /assets/img/blog/visite-de-la-reserve-naturelle-de-lokobe/13.png | /assets/img/blog/visite-de-la-reserve-naturelle-de-lokobe/14.png";"downloaded"
"283";"Paddle et Dîner Romantique Exceptionnel🐬👩🏼‍❤️‍👩🏽🐢🌊 (EN)";"paddle-et-diner-romantique-exceptionnel";"";"0";"";"official_page_not_found"
"285";"10 Villas, Hôtels et Lieux Insolites au Bord de l’Eau pour un Mariage de Rêve à Madagascar 🌊💍🏝 (EN)";"10-villas-hotels-et-lieux-insolites-au-bord-de-leau-pour-un-mariage-de-reve-a-madagascar";"https://www.mariage-madagascar.com/10-villas-hotels-et-lieux-insolites-au-bord-de-leau-pour-un-mariage-de-reve-a-madagascar-";"14";"/assets/img/blog/10-villas-hotels-et-lieux-insolites-au-bord-de-leau-pour-un-mariage-de-reve-a-madagascar/01.webp | /assets/img/blog/10-villas-hotels-et-lieux-insolites-au-bord-de-leau-pour-un-mariage-de-reve-a-madagascar/02.webp | /assets/img/blog/10-villas-hotels-et-lieux-insolites-au-bord-de-leau-pour-un-mariage-de-reve-a-madagascar/03.webp | /assets/img/blog/10-villas-hotels-et-lieux-insolites-au-bord-de-leau-pour-un-mariage-de-reve-a-madagascar/04.jpg | /assets/img/blog/10-villas-hotels-et-lieux-insolites-au-bord-de-leau-pour-un-mariage-de-reve-a-madagascar/05.png | /assets/img/blog/10-villas-hotels-et-lieux-insolites-au-bord-de-leau-pour-un-mariage-de-reve-a-madagascar/06.png | /assets/img/blog/10-villas-hotels-et-lieux-insolites-au-bord-de-leau-pour-un-mariage-de-reve-a-madagascar/07.jpg | /assets/img/blog/10-villas-hotels-et-lieux-insolites-au-bord-de-leau-pour-un-mariage-de-reve-a-madagascar/08.jpg | /assets/img/blog/10-villas-hotels-et-lieux-insolites-au-bord-de-leau-pour-un-mariage-de-reve-a-madagascar/09.jpg | /assets/img/blog/10-villas-hotels-et-lieux-insolites-au-bord-de-leau-pour-un-mariage-de-reve-a-madagascar/10.jpg | /assets/img/blog/10-villas-hotels-et-lieux-insolites-au-bord-de-leau-pour-un-mariage-de-reve-a-madagascar/11.png | /assets/img/blog/10-villas-hotels-et-lieux-insolites-au-bord-de-leau-pour-un-mariage-de-reve-a-madagascar/12.png | /assets/img/blog/10-villas-hotels-et-lieux-insolites-au-bord-de-leau-pour-un-mariage-de-reve-a-madagascar/13.png | /assets/img/blog/10-villas-hotels-et-lieux-insolites-au-bord-de-leau-pour-un-mariage-de-reve-a-madagascar/14.png";"downloaded"
"288";"10 Bonnes Raisons de Choisir Madagascar pour Votre Lune de Miel 🌴💕 (EN)";"10-bonnes-raisons-de-choisir-madagascar-pour-votre-lune-de-miel";"https://www.mariage-madagascar.com/10-bonnes-raisons-de-choisir-madagascar-pour-votre-lune-de-miel-";"14";"/assets/img/blog/10-bonnes-raisons-de-choisir-madagascar-pour-votre-lune-de-miel/01.jpg | /assets/img/blog/10-bonnes-raisons-de-choisir-madagascar-pour-votre-lune-de-miel/02.jpg | /assets/img/blog/10-bonnes-raisons-de-choisir-madagascar-pour-votre-lune-de-miel/03.jpg | /assets/img/blog/10-bonnes-raisons-de-choisir-madagascar-pour-votre-lune-de-miel/04.jpg | /assets/img/blog/10-bonnes-raisons-de-choisir-madagascar-pour-votre-lune-de-miel/05.png | /assets/img/blog/10-bonnes-raisons-de-choisir-madagascar-pour-votre-lune-de-miel/06.png | /assets/img/blog/10-bonnes-raisons-de-choisir-madagascar-pour-votre-lune-de-miel/07.jpg | /assets/img/blog/10-bonnes-raisons-de-choisir-madagascar-pour-votre-lune-de-miel/08.jpg | /assets/img/blog/10-bonnes-raisons-de-choisir-madagascar-pour-votre-lune-de-miel/09.jpg | /assets/img/blog/10-bonnes-raisons-de-choisir-madagascar-pour-votre-lune-de-miel/10.jpg | /assets/img/blog/10-bonnes-raisons-de-choisir-madagascar-pour-votre-lune-de-miel/11.png | /assets/img/blog/10-bonnes-raisons-de-choisir-madagascar-pour-votre-lune-de-miel/12.png | /assets/img/blog/10-bonnes-raisons-de-choisir-madagascar-pour-votre-lune-de-miel/13.png | /assets/img/blog/10-bonnes-raisons-de-choisir-madagascar-pour-votre-lune-de-miel/14.png";"downloaded"
"289";"Un mariage unique sur une plage de rêve 👰🏼⛱️ (EN)";"un-mariage-unique-sur-une-plage-de-reve";"https://www.mariage-madagascar.com/un-mariage-unique-sur-une-plage-de-reve-";"18";"/assets/img/blog/un-mariage-unique-sur-une-plage-de-reve/01.jpg | /assets/img/blog/un-mariage-unique-sur-une-plage-de-reve/02.jpg | /assets/img/blog/un-mariage-unique-sur-une-plage-de-reve/03.jpg | /assets/img/blog/un-mariage-unique-sur-une-plage-de-reve/04.jpg | /assets/img/blog/un-mariage-unique-sur-une-plage-de-reve/05.jpg | /assets/img/blog/un-mariage-unique-sur-une-plage-de-reve/06.jpg | /assets/img/blog/un-mariage-unique-sur-une-plage-de-reve/07.jpg | /assets/img/blog/un-mariage-unique-sur-une-plage-de-reve/08.jpg | /assets/img/blog/un-mariage-unique-sur-une-plage-de-reve/09.png | /assets/img/blog/un-mariage-unique-sur-une-plage-de-reve/10.png | /assets/img/blog/un-mariage-unique-sur-une-plage-de-reve/11.jpg | /assets/img/blog/un-mariage-unique-sur-une-plage-de-reve/12.jpg | /assets/img/blog/un-mariage-unique-sur-une-plage-de-reve/13.jpg | /assets/img/blog/un-mariage-unique-sur-une-plage-de-reve/14.jpg | /assets/img/blog/un-mariage-unique-sur-une-plage-de-reve/15.png | /assets/img/blog/un-mariage-unique-sur-une-plage-de-reve/16.png | /assets/img/blog/un-mariage-unique-sur-une-plage-de-reve/17.png | /assets/img/blog/un-mariage-unique-sur-une-plage-de-reve/18.png";"downloaded"
"291";"Pourquoi faire appel à un travel planner spécialisé pour votre voyage de noces ou anniversaire de mariage à Madagascar ? 🌴💍🛶✨ (EN)";"pourquoi-faire-appel-a-un-travel-planner-specialise-pour-votre-voyage-de-noces-ou-anniversaire-de-mariage-a-madagascar";"https://www.mariage-madagascar.com/pourquoi-faire-appel-a-un-travel-planner-specialise-pour-votre-voyage-de-noces-ou-anniversaire-de-mariage-a-madagascar-";"15";"/assets/img/blog/pourquoi-faire-appel-a-un-travel-planner-specialise-pour-votre-voyage-de-noces-ou-anniversaire-de-mariage-a-madagascar/01.jpg | /assets/img/blog/pourquoi-faire-appel-a-un-travel-planner-specialise-pour-votre-voyage-de-noces-ou-anniversaire-de-mariage-a-madagascar/02.jpg | /assets/img/blog/pourquoi-faire-appel-a-un-travel-planner-specialise-pour-votre-voyage-de-noces-ou-anniversaire-de-mariage-a-madagascar/03.jpg | /assets/img/blog/pourquoi-faire-appel-a-un-travel-planner-specialise-pour-votre-voyage-de-noces-ou-anniversaire-de-mariage-a-madagascar/04.jpg | /assets/img/blog/pourquoi-faire-appel-a-un-travel-planner-specialise-pour-votre-voyage-de-noces-ou-anniversaire-de-mariage-a-madagascar/05.jpg | /assets/img/blog/pourquoi-faire-appel-a-un-travel-planner-specialise-pour-votre-voyage-de-noces-ou-anniversaire-de-mariage-a-madagascar/06.png | /assets/img/blog/pourquoi-faire-appel-a-un-travel-planner-specialise-pour-votre-voyage-de-noces-ou-anniversaire-de-mariage-a-madagascar/07.png | /assets/img/blog/pourquoi-faire-appel-a-un-travel-planner-specialise-pour-votre-voyage-de-noces-ou-anniversaire-de-mariage-a-madagascar/08.jpg | /assets/img/blog/pourquoi-faire-appel-a-un-travel-planner-specialise-pour-votre-voyage-de-noces-ou-anniversaire-de-mariage-a-madagascar/09.jpg | /assets/img/blog/pourquoi-faire-appel-a-un-travel-planner-specialise-pour-votre-voyage-de-noces-ou-anniversaire-de-mariage-a-madagascar/10.jpg | /assets/img/blog/pourquoi-faire-appel-a-un-travel-planner-specialise-pour-votre-voyage-de-noces-ou-anniversaire-de-mariage-a-madagascar/11.jpg | /assets/img/blog/pourquoi-faire-appel-a-un-travel-planner-specialise-pour-votre-voyage-de-noces-ou-anniversaire-de-mariage-a-madagascar/12.png | /assets/img/blog/pourquoi-faire-appel-a-un-travel-planner-specialise-pour-votre-voyage-de-noces-ou-anniversaire-de-mariage-a-madagascar/13.png | /assets/img/blog/pourquoi-faire-appel-a-un-travel-planner-specialise-pour-votre-voyage-de-noces-ou-anniversaire-de-mariage-a-madagascar/14.png | /assets/img/blog/pourquoi-faire-appel-a-un-travel-planner-specialise-pour-votre-voyage-de-noces-ou-anniversaire-de-mariage-a-madagascar/15.png";"downloaded"
"293";"🌟 Pourquoi un Mariage Symbolique est une Expérience Extraordinaire pour Vos Enfants 🌟 (EN)";"pourquoi-un-mariage-symbolique-est-une-experience-extraordinaire-pour-vos-enfants";"https://www.mariage-madagascar.com/-pourquoi-un-mariage-symbolique-est-une-experience-extraordinaire-pour-vos-enfants-";"14";"/assets/img/blog/pourquoi-un-mariage-symbolique-est-une-experience-extraordinaire-pour-vos-enfants/01.gif | /assets/img/blog/pourquoi-un-mariage-symbolique-est-une-experience-extraordinaire-pour-vos-enfants/02.jpg | /assets/img/blog/pourquoi-un-mariage-symbolique-est-une-experience-extraordinaire-pour-vos-enfants/03.jpg | /assets/img/blog/pourquoi-un-mariage-symbolique-est-une-experience-extraordinaire-pour-vos-enfants/04.jpg | /assets/img/blog/pourquoi-un-mariage-symbolique-est-une-experience-extraordinaire-pour-vos-enfants/05.png | /assets/img/blog/pourquoi-un-mariage-symbolique-est-une-experience-extraordinaire-pour-vos-enfants/06.png | /assets/img/blog/pourquoi-un-mariage-symbolique-est-une-experience-extraordinaire-pour-vos-enfants/07.jpg | /assets/img/blog/pourquoi-un-mariage-symbolique-est-une-experience-extraordinaire-pour-vos-enfants/08.jpg | /assets/img/blog/pourquoi-un-mariage-symbolique-est-une-experience-extraordinaire-pour-vos-enfants/09.jpg | /assets/img/blog/pourquoi-un-mariage-symbolique-est-une-experience-extraordinaire-pour-vos-enfants/10.jpg | /assets/img/blog/pourquoi-un-mariage-symbolique-est-une-experience-extraordinaire-pour-vos-enfants/11.png | /assets/img/blog/pourquoi-un-mariage-symbolique-est-une-experience-extraordinaire-pour-vos-enfants/12.png | /assets/img/blog/pourquoi-un-mariage-symbolique-est-une-experience-extraordinaire-pour-vos-enfants/13.png | /assets/img/blog/pourquoi-un-mariage-symbolique-est-une-experience-extraordinaire-pour-vos-enfants/14.png";"downloaded"
"296";"10 Villas, Hôtels et Lieux Insolites au Bord de l’Eau pour un Mariage de Rêve à Madagascar 🌊💍🏝";"10-villas-hotels-et-lieux-insolites-au-bord-de-leau-pour-un-mariage-de-reve-a-madagascar-2";"";"0";"";"official_page_not_found"
"298";"🌊 𝗙𝗢𝗖𝗨𝗦 𝗙𝗘𝗦𝗧𝗜𝗩𝗔𝗟 – Une Expérience Unique à Madagascar ✨ Copy";"focus-festival-une-experience-unique-a-madagascar-2";"";"0";"";"official_page_not_found"
"299";"Visite de la Réserve Naturelle de Lokobe 🐒🦎🌿";"visite-de-la-reserve-naturelle-de-lokobe-2";"";"0";"";"official_page_not_found"
"300";"Un mariage unique sur une plage de rêve 👰🏼⛱️";"un-mariage-unique-sur-une-plage-de-reve-2";"";"0";"";"official_page_not_found"
"302";"Pourquoi faire appel à un travel planner spécialisé pour votre voyage de noces ou anniversaire de mariage à Madagascar ? 🌴💍🛶✨";"pourquoi-faire-appel-a-un-travel-planner-specialise-pour-votre-voyage-de-noces-ou-anniversaire-de-mariage-a-madagascar-2";"";"0";"";"official_page_not_found"
"303";"10 Bonnes Raisons de Choisir Madagascar pour Votre Lune de Miel 🌴💕";"10-bonnes-raisons-de-choisir-madagascar-pour-votre-lune-de-miel-2";"";"0";"";"official_page_not_found"
"308";"Excursion à Nosy Komba et Nosy Tanikely 🐢🐬🌴🌞🐒";"excursion-a-nosy-komba-et-nosy-tanikely";"https://www.mariage-madagascar.com/excursion-a-nosy-komba-et-nosy-tanikely-";"14";"/assets/img/blog/excursion-a-nosy-komba-et-nosy-tanikely/01.jpg | /assets/img/blog/excursion-a-nosy-komba-et-nosy-tanikely/02.jpg | /assets/img/blog/excursion-a-nosy-komba-et-nosy-tanikely/03.jpg | /assets/img/blog/excursion-a-nosy-komba-et-nosy-tanikely/04.jpg | /assets/img/blog/excursion-a-nosy-komba-et-nosy-tanikely/05.png | /assets/img/blog/excursion-a-nosy-komba-et-nosy-tanikely/06.png | /assets/img/blog/excursion-a-nosy-komba-et-nosy-tanikely/07.jpg | /assets/img/blog/excursion-a-nosy-komba-et-nosy-tanikely/08.jpg | /assets/img/blog/excursion-a-nosy-komba-et-nosy-tanikely/09.jpg | /assets/img/blog/excursion-a-nosy-komba-et-nosy-tanikely/10.jpg | /assets/img/blog/excursion-a-nosy-komba-et-nosy-tanikely/11.png | /assets/img/blog/excursion-a-nosy-komba-et-nosy-tanikely/12.png | /assets/img/blog/excursion-a-nosy-komba-et-nosy-tanikely/13.png | /assets/img/blog/excursion-a-nosy-komba-et-nosy-tanikely/14.png";"downloaded"
"309";"Mariage de Rêve à Nosy Iranja 💎💍";"mariage-de-reve-a-nosy-iranja";"https://www.mariage-madagascar.com/mariage-de-reve-a-nosy-iranja-";"14";"/assets/img/blog/mariage-de-reve-a-nosy-iranja/01.jpg | /assets/img/blog/mariage-de-reve-a-nosy-iranja/02.jpg | /assets/img/blog/mariage-de-reve-a-nosy-iranja/03.jpg | /assets/img/blog/mariage-de-reve-a-nosy-iranja/04.jpg | /assets/img/blog/mariage-de-reve-a-nosy-iranja/05.png | /assets/img/blog/mariage-de-reve-a-nosy-iranja/06.png | /assets/img/blog/mariage-de-reve-a-nosy-iranja/07.jpg | /assets/img/blog/mariage-de-reve-a-nosy-iranja/08.jpg | /assets/img/blog/mariage-de-reve-a-nosy-iranja/09.jpg | /assets/img/blog/mariage-de-reve-a-nosy-iranja/10.jpg | /assets/img/blog/mariage-de-reve-a-nosy-iranja/11.png | /assets/img/blog/mariage-de-reve-a-nosy-iranja/12.png | /assets/img/blog/mariage-de-reve-a-nosy-iranja/13.png | /assets/img/blog/mariage-de-reve-a-nosy-iranja/14.png";"downloaded"
"312";"Payer votre mariage de reve a nosy be en bitcoin ou cryptomonnaies 🤑";"payer-votre-mariage-de-reve-a-nosy-be-en-bitcoin-ou-cryptomonnaies";"https://www.mariage-madagascar.com/payer-votre-mariage-de-reve-a-nosy-be-en-bitcoin-ou-cryptomonnaies-";"14";"/assets/img/blog/payer-votre-mariage-de-reve-a-nosy-be-en-bitcoin-ou-cryptomonnaies/01.jpg | /assets/img/blog/payer-votre-mariage-de-reve-a-nosy-be-en-bitcoin-ou-cryptomonnaies/02.jpg | /assets/img/blog/payer-votre-mariage-de-reve-a-nosy-be-en-bitcoin-ou-cryptomonnaies/03.jpg | /assets/img/blog/payer-votre-mariage-de-reve-a-nosy-be-en-bitcoin-ou-cryptomonnaies/04.jpg | /assets/img/blog/payer-votre-mariage-de-reve-a-nosy-be-en-bitcoin-ou-cryptomonnaies/05.png | /assets/img/blog/payer-votre-mariage-de-reve-a-nosy-be-en-bitcoin-ou-cryptomonnaies/06.png | /assets/img/blog/payer-votre-mariage-de-reve-a-nosy-be-en-bitcoin-ou-cryptomonnaies/07.jpg | /assets/img/blog/payer-votre-mariage-de-reve-a-nosy-be-en-bitcoin-ou-cryptomonnaies/08.jpg | /assets/img/blog/payer-votre-mariage-de-reve-a-nosy-be-en-bitcoin-ou-cryptomonnaies/09.jpg | /assets/img/blog/payer-votre-mariage-de-reve-a-nosy-be-en-bitcoin-ou-cryptomonnaies/10.jpg | /assets/img/blog/payer-votre-mariage-de-reve-a-nosy-be-en-bitcoin-ou-cryptomonnaies/11.png | /assets/img/blog/payer-votre-mariage-de-reve-a-nosy-be-en-bitcoin-ou-cryptomonnaies/12.png | /assets/img/blog/payer-votre-mariage-de-reve-a-nosy-be-en-bitcoin-ou-cryptomonnaies/13.png | /assets/img/blog/payer-votre-mariage-de-reve-a-nosy-be-en-bitcoin-ou-cryptomonnaies/14.png";"downloaded"
"314";"💍✨ Mariage Madagascar – Votre Jour J, pensé dans les moindres détails ✨";"mariage-madagascar-votre-jour-j-pense-dans-les-moindres-details";"https://www.mariage-madagascar.com/-mariage-madagascar-votre-jour-j-pense-dans-les-moindres-details-";"14";"/assets/img/blog/mariage-madagascar-votre-jour-j-pense-dans-les-moindres-details/01.gif | /assets/img/blog/mariage-madagascar-votre-jour-j-pense-dans-les-moindres-details/02.jpg | /assets/img/blog/mariage-madagascar-votre-jour-j-pense-dans-les-moindres-details/03.jpg | /assets/img/blog/mariage-madagascar-votre-jour-j-pense-dans-les-moindres-details/04.jpg | /assets/img/blog/mariage-madagascar-votre-jour-j-pense-dans-les-moindres-details/05.png | /assets/img/blog/mariage-madagascar-votre-jour-j-pense-dans-les-moindres-details/06.png | /assets/img/blog/mariage-madagascar-votre-jour-j-pense-dans-les-moindres-details/07.jpg | /assets/img/blog/mariage-madagascar-votre-jour-j-pense-dans-les-moindres-details/08.jpg | /assets/img/blog/mariage-madagascar-votre-jour-j-pense-dans-les-moindres-details/09.jpg | /assets/img/blog/mariage-madagascar-votre-jour-j-pense-dans-les-moindres-details/10.jpg | /assets/img/blog/mariage-madagascar-votre-jour-j-pense-dans-les-moindres-details/11.png | /assets/img/blog/mariage-madagascar-votre-jour-j-pense-dans-les-moindres-details/12.png | /assets/img/blog/mariage-madagascar-votre-jour-j-pense-dans-les-moindres-details/13.png | /assets/img/blog/mariage-madagascar-votre-jour-j-pense-dans-les-moindres-details/14.png";"downloaded"
"1";"Hello world!";"hello-world";"";"0";"";"official_page_not_found"
"304";"Nosy Komba – Le paradis des lémuriens et des mariés 🌴💍 Copy";"nosy-komba-le-paradis-des-lemuriens-et-des-maries-copy";"";"0";"";"official_page_not_found"
"310";"🌟 Pourquoi un Mariage Symbolique est une Expérience Extraordinaire pour Vos Enfants 🌟";"pourquoi-un-mariage-symbolique-est-une-experience-extraordinaire-pour-vos-enfants-2";"";"0";"";"official_page_not_found"
